{
  "train": {
    "train_runtime": 1337.4076,
    "train_samples_per_second": 17.945,
    "train_steps_per_second": 2.243,
    "total_flos": 1698867137740800.0,
    "train_loss": 0.21924489500001074,
    "epoch": 4.0
  },
  "test": {
    "eval_loss": 0.003206396009773016,
    "eval_precision": 0.9996,
    "eval_recall": 0.9997,
    "eval_f1": 0.9997,
    "eval_accuracy": 0.9997,
    "eval_runtime": 12.3347,
    "eval_samples_per_second": 16.214,
    "eval_steps_per_second": 1.054,
    "epoch": 4.0
  }
}